x_TF	33	34	32	31	26	29	30	28	27	14	16	18	15	8	9	10	7	13	24	1	19	2	4	12	25	20	21	11	23	6	5	17	22	3	Ubiquitous
9430076C15Rik	0	0	0	0	0	0	0	0	0	0	0	0	0	0	0	0	0	0	0	0	0	0	0	0	0	0	0	0	0	0	0	0	0	0	7.107571453
AHR	0	0	0	0	0	0	0	0	0	0	0	0	0	0	0	0	0	0	0	0	0	0	0	0	0	0	1.585360853	0	0	0	0	0	0	0	15.26169521
ARID2	0	3.904481958	0	0	0	0	0	5.319211388	0	0	0	0	0	0	0	0	0	0	0	0	0	0	0	0	0	0	0	0	0	0	0	0	0	0	4.334419009
ATF6	0	0	0	0	0	0	0	0	0	0	0	0	0	0	0	0	0	0	0	0	0	0	0	0	0	0	0	0	0	0	0	0	0	0	24.97922451
ATOH8	0	0	0	0	0	0	0	0	0	0	2.771343042	0	0	0	0	1.808828544	0	0	0	0	0	0	0	0	0	0	0	0	0	0	0	0	0	0	0
Arnt	0	0	0	0	0	0	0	0	0	0	0	0	0	0	0	0	0	0	0	0	0	0	0	0	0	0	0	0	0	0	0	0	0	0	6.491335637
Arntl	0	0	0	0	0	0	0	0	0	0	0	0	0	0	0	0	0	0	0	0	0	0	0	0	0	0	0	0	0	0	0	0	0	0	19.34313551
Ascl2	0	4.040863169	0	0	0	0	1.406049705	0	0	0	3.598771833	0	0	0	0	0	0	0	0	0	0	0	0	0	0	0	0	0	0	0	0	0	0	2.130006	0
Atf1	0	0	0	0	0	0	0	0	0	0	0	0	0	0	0	0	0	0	0	0	0	0	0	0	0	0	0	0	0	0	0	0	0	0	12.37799333
Atf2	0	0	0	0	0	0	0	0	0	0	0	0	0	0	0	0	0	0	0	0	0	0	0	0	0	0	0	0	0	0	0	0	0	0	7.710411047
Atf3	0	0	0	0	0	0	0	0	0	0	0	0	0	0	0	0	0	0	0	0	0	0	0	0	0	0	0	0	0	0	0	0	0	0	4.405828521
Atf7	0	0	0	0	0	0	0	0	0	0	0	0	0	0	0	0	0	0	0	0	0	0	0	0	0	0	0	0	0	0	0	0	0	0	6.548981548
BACH1	0	0	0	0	0	0	0	0	0	2.153230046	0	0	0	0	0	2.57921938	0	0	0	0	0	0	0	0	0	0	0	0	0	0	0	0	0	0	0
BCL11A	0	0	0	0	0	0	0	0	0	0	0	0	0	0	0	6.482672118	0	0	0	0	0	0	0	0	0	0	0	0	0	0	0	0	0	0	0
Bcl6	0	5.081969663	0	0	0	0	0	0	0	0	0	0	0	0	0	0	0	0	0	0	0	0	0	0	0	0	0	0	0	0	0	0	0	0	0
Bhlhe41	0	0	0	0	0	0	0	0	0	0	0	0	0	0	0	0	0	0	0	0	0	0	0	0	0	0	0	0	0	0	0	0	0	0	22.21817285
CENPB	0	1.821023053	0	0	0	0	0	0	0	0	0	0	0	0	0	0	0	0	0	0	0	0	0	0	0	0	0	0	0	0	0	0	0	0	7.119072135
CREB3	0	0	0	0	0	0	0	0	0	0	0	0	0	0	0	0	0	0	0	0	0	0	0	0	0	0	0	0	0	0	0	0	0	0	7.266561973
CTCFL	0	18.81673016	6.319936573	0	0	0	0	0	0	0	9.561615893	0	0	0	0	0	0	0	0	0	0	0	0	0	0	0	0	0	0	0	0	0	0	0	12.95233581
CXXC1	0	5.181510178	0	0	0	0	0	0	0	0	0	0	0	0	0	0	0	0	0	0	0	0	0	0	0	0	0	0	0	0	0	0	0	0	9.851397345
Cic	0	0	0	0	0	0	0	0	0	0	0	0	0	0	0	3.090443971	0	0	0	0	0	0	0	0	0	0	0	0	0	0	0	0	0	0	0
Clock	0	0	0	0	0	0	0	0	0	0	0	0	0	0	0	0	0	0	0	0	0	0	0	0	0	0	0	0	0	0	0	0	0	0	5.964170175
Creb1	0	0	0	0	0	0	0	0	0	0	0	0	0	0	0	0	0	0	0	0	0	0	0	0	0	0	0	0	0	0	0	0	0	0	27.58536085
Creb3l2	0	0	0	0	0	0	0	0	0	0	0	0	0	0	0	0	0	0	0	0	0	0	0	0	0	0	0	0	0	0	0	0	0	0	17.02779716
Crem	0	0	0	0	0	0	0	0	0	0	0	0	0	0	0	0	0	0	0	0	0	0	0	0	0	0	0	0	0	0	0	0	0	0	18.63189915
Ctcf	0	6.228633029	0	0	0	0	0	0	0	0	0	0	0	0	0	0	0	0	0	0	0	0	0	0	0	0	0	0	0	0	0	0	0	0	3.478077755
Dnajc21	0	6.627272059	0	0	0	0	0	0	0	0	2.025120027	0	0	0	0	0	0	0	0	0	0	0	0	0	0	0	0	0	0	0	0	0	0	0	0
Dobox4	0	0	0	0	0	0	0	0	0	0	0	0	0	0	0	5.72607322	0	0	0	0	0	0	0	0	0	0	0	0	0	0	0	0	0	0	0
Dux	0	0	0	0	0	0	0	0	0	0	0	0	0	0	0	0	0	0	0	0	0	0	0	0	0	0	2.829444941	0	0	0	0	0	0	0	0
Duxbl	0	0	0	0	0	0	0	0	0	0	0	0	0	0	0	0	0	0	0	0	0	0	0	0	0	0	5.657577319	0	0	0	0	0	0	0	0
E2F1	0	13.86359655	2.439615077	0	0	0	0	0	0	0	1.703115524	0	0	0	0	0	0	0	0	0	0	0	0	0	0	0	0	0	0	0	0	0	0	0	9.019133445
E2F4	0	5.636952405	0	0	0	0	0	0	0	0	0	0	0	0	0	0	0	0	0	0	0	0	0	0	0	0	4.01488802	0	0	0	0	0	0	0	3.098705183
E2F5	0	0	0	0	0	0	0	0	0	0	0	0	0	0	0	0	0	0	0	0	0	0	0	0	0	0	14.60818308	0	0	0	0	0	0	0	2.334325219
E2F6	1.705754284	14.35008128	2.524474085	0	0	0	0	0	0	0	15.93330145	0	0	0	0	0	0	0	0	0	0	0	0	0	0	0	0	0	0	0	0	0	0	0	2.699404516
E2F7	0	0	0	0	0	0	0	0	0	0	0	0	0	0	0	0	0	0	0	0	0	0	0	0	0	0	5.133712661	0	0	0	0	0	0	0	5.847711656
E2F8	0	0	0	0	0	0	0	0	0	0	0	0	0	0	0	0	0	0	0	0	0	0	0	0	0	0	3.283829652	0	0	0	0	0	0	0	0
E2f2	0	0	0	0	0	0	0	0	0	0	0	0	0	0	0	0	0	0	0	0	0	0	0	0	0	0	7.088682558	0	0	0	0	0	0	0	1.471468939
E2f3	0	25.65462627	1.351932871	0	0	0	0	0	0	0	15.32882716	0	0	0	0	0	0	0	0	0	0	0	0	0	0	0	0	0	0	0	0	0	0	0	1.573651426
E4F1	0	0	0	0	0	0	0	0	0	0	0	0	0	0	0	0	0	0	0	0	0	0	0	0	0	0	0	0	0	0	0	0	0	0	28.46839337
EBF1	0	0	0	0	0	0	0	1.401100113	0	0	9.008153946	0	0	0	0	4.842543232	0	0	0	0	0	0	0	0	0	0	0	0	0	0	0	0	0	0	0
EGR4	0	25.94385774	0	0	0	0	0	0	0	0	13.83505263	0	0	0	0	0	0	0	0	0	0	0	0	0	0	0	0	0	0	0	0	0	0	0	0
ELF1	0	0	0	0	0	0	0	0	0	0	0	0	0	0	0	0	0	0	0	0	0	0	0	0	0	0	0	0	0	0	0	0	0	0	34.36001575
ENSMUSG00000044690	0	0	0	0	0	0	0	0	0	0	0	0	0	0	0	4.564792897	0	0	0	0	0	0	0	0	0	0	0	0	0	0	0	0	0	0	0
ERF	0	0	0	0	0	0	0	0	0	0	0	0	0	0	0	0	0	0	0	0	0	0	0	0	0	0	0	0	0	0	0	0	0	0	67.19921421
ESR2	0	0	0	0	0	0	0	0	0	0	1.584192272	0	0	0	0	4.683610249	0	0	0	0	0	0	0	0	0	0	0	0	0	0	0	0	0	0	0
ETS2	0	0	0	0	0	0	0	0	0	0	0	0	0	0	0	0	0	0	0	0	0	0	0	0	0	0	0	0	0	0	0	0	0	0	14.05114709
ETV2	0	0	0	0	0	0	0	0	0	0	0	0	0	0	0	0	0	0	0	0	0	0	0	0	0	0	0	0	0	0	0	0	0	0	39.10441172
Egr1	0	35.38331448	3.403512866	0	0	0	0	0	0	0	7.931072388	0	0	0	0	0	0	0	1.681936665	0	0	0	0	0	0	0	0	0	0	0	0	0	0	0	0
Egr2	3.457797218	28.96417017	0	0	0	0	0	0	0	0	11.39415646	0	0	0	0	0	0	0	3.643974143	0	0	0	0	0	0	0	0	0	0	0	0	0	0	0	0
Egr3	0	29.04609541	3.049002666	0	0	0	0	0	0	0	7.931443105	0	0	0	0	0	0	0	3.401866354	0	0	0	0	0	0	0	0	0	0	0	0	0	0	0	1.492819023
Ehf	0	0	0	0	0	0	0	0	0	0	0	0	0	0	0	0	0	0	0	0	0	0	0	0	0	0	0	0	0	0	0	0	0	0	43.47340229
Elf2	0	0	0	0	0	0	0	0	0	0	0	0	0	0	0	0	0	0	0	0	0	0	0	0	0	0	0	0	0	0	0	0	0	0	64.11890078
Elf3	0	0	0	0	0	0	0	0	0	0	0	0	0	0	0	2.003181978	0	0	0	0	0	0	0	0	0	0	0	0	0	0	0	0	0	0	31.4367563
Elf4	0	0	0	0	0	0	0	0	0	0	0	0	0	0	0	0	0	0	0	0	0	0	0	0	0	0	0	0	0	0	0	0	0	0	58.78277934
Elf5	0	0	0	0	0	0	0	0	0	0	0	0	0	0	0	0	0	0	0	0	0	0	0	0	0	0	0	0	0	0	0	0	0	0	29.49976353
Elk1	0	0	0	0	0	0	0	0	0	0	0	0	0	0	0	0	0	0	0	0	0	0	0	0	0	0	0	0	0	0	0	0	0	0	92.64359167
Elk3	0	0	0	0	0	0	0	0	0	0	0	0	0	0	0	0	0	0	0	0	0	0	0	0	0	0	0	0	0	0	0	0	0	0	92.28979799
Elk4	0	0	0	0	0	0	0	0	0	0	0	0	0	0	0	0	0	0	0	0	0	0	0	0	0	0	0	0	0	0	0	0	0	0	98.36774522
Erg	0	0	0	0	0	0	0	0	0	0	0	0	0	0	0	7.673869043	0	0	0	0	0	0	0	0	0	0	0	0	0	0	0	0	0	0	1.338092707
Esr1	0	0	0	0	0	0	0	0	0	0	0	0	0	0	0	1.57741016	1.518557372	0	0	0	0	0	0	0	0	0	0	0	0	0	0	0	0	2.24910608	0
Esrrb	0	0	0	0	0	0	0	0	0	0	0	0	0	0	0	4.665747358	0	0	0	0	0	0	0	0	0	0	0	0	0	0	0	0	0	0	0
Ets1	0	0	0	0	0	0	0	0	0	0	0	0	0	0	0	3.928486195	0	0	0	0	0	0	0	0	0	0	0	0	0	0	0	0	0	0	3.306800855
Etv1	0	0	0	0	0	0	0	0	0	0	0	0	0	0	0	0	0	0	0	0	0	0	0	0	0	0	0	0	0	0	0	0	0	0	91.75424064
Etv3	0	0	0	0	0	0	0	0	0	0	0	0	0	0	0	0	0	0	0	0	0	0	0	0	0	0	0	0	0	0	0	0	0	0	67.75597041
Etv4	0	0	0	0	0	0	0	0	0	0	0	0	0	0	0	0	0	0	0	0	0	0	0	0	0	0	0	0	0	0	0	0	0	0	90.34466944
Etv5	0	0	0	0	0	0	0	0	0	0	0	0	0	0	0	0	0	0	0	0	0	0	0	0	0	0	0	0	0	0	0	0	0	0	95.39040559
Etv6	0	0	0	0	0	0	0	0	0	0	0	0	0	0	0	0	0	0	0	0	0	0	0	0	0	0	0	0	0	0	0	0	0	0	49.48188105
FERD3L	0	0	0	0	0	0	0	0	0	0	0	0	0	0	0	2.738023809	0	0	0	0	0	4.336016545	0	0	0	0	0	0	0	0	0	0	0	0	0
FEV	0	0	0	0	0	0	0	0	0	0	0	0	0	0	0	4.55129368	0	0	0	0	0	0	0	0	0	0	0	0	0	0	0	0	0	0	8.668775219
FOS	0	0	0	0	0	0	0	0	0	5.917933066	0	0	0	0	0	5.312917155	0	0	0	0	0	0	0	0	0	0	0	0	0	0	0	0	0	0	0
FOSB	0	0	0	0	0	0	0	0	0	7.687188174	0	0	0	0	0	6.873219423	0	0	0	0	0	0	0	0	0	0	0	0	0	0	0	0	0	0	0
FOXI1	0	0	0	0	0	0	0	0	0	0	0	0	0	0	0	0	0	0	0	0	0	0	0	0	0	0	8.491201035	0	0	0	0	0	0	0	0
Figla	0	0	0	0	0	0	0	0	0	0	2.810229044	0	0	0	0	0	0	0	0	0	0	0	0	0	0	0	0	5.18032448	0	0	0	0	0	0	0
Fli1	0	0	0	0	0	0	0	0	0	0	0	0	0	0	0	0	0	0	0	0	0	0	0	0	0	0	0	0	0	0	0	0	0	0	82.06550155
GATA2	0	0	0	0	0	0	0	0	0	0	0	0	0	0	0	4.326979093	0	0	0	0	0	0	0	0	0	0	0	0	0	0	0	0	0	0	0
GCM2	0	4.697885623	0	0	0	0	0	0	0	0	0	0	0	0	0	0	0	0	0	0	0	0	0	0	0	0	0	0	0	0	0	0	0	0	0
GLI1	0	0	0	0	0	0	0	0	0	0	1.603103551	0	0	0	0	3.405828521	0	0	0	0	0	0	0	0	0	0	0	0	0	0	0	0	0	0	0
GLI2	0	0	0	0	0	0	0	0	0	0	0	0	0	0	0	3.696156225	0	0	0	0	0	0	0	0	0	0	0	0	0	0	0	0	0	0	0
GLIS1	1.369267107	6.635261445	0	0	0	0	0	0	0	0	0	0	0	0	0	0	0	0	0	0	0	0	0	0	0	0	0	0	0	0	0	0	0	0	0
GLIS3	2.71489297	25.37664732	0	0	0	0	0	0	0	0	6.145329668	0	0	0	0	0	0	0	0	0	0	0	0	0	0	0	0	0	0	0	0	0	0	0	0
GRHL1	0	0	0	0	0	0	0	0	0	3.216811309	0	0	0	0	0	0	0	0	0	0	0	0	0	0	0	0	0	0	0	0	0	0	0	0	0
Gabpa	0	0	0	0	0	0	0	0	0	0	0	0	0	0	0	0	0	0	0	0	0	0	0	0	0	0	0	0	0	0	0	0	0	0	58.87614836
Gata1	0	0	0	0	0	0	0	0	0	0	0	0	0	0	0	3.113170995	0	0	0	0	0	0	0	0	0	0	0	0	0	0	0	0	0	0	0
Gata4	0	0	0	0	0	0	0	0	0	0	0	0	0	0	0	4.963371105	0	0	0	0	0	0	0	0	0	0	0	0	0	0	0	0	0	0	0
Gata5	0	0	0	0	0	0	0	0	0	0	0	0	0	0	0	2.625251654	0	0	0	0	0	0	0	0	0	0	0	0	0	0	0	0	0	0	0
Gata6	0	0	0	0	0	0	0	0	0	0	0	0	0	0	0	2.31264943	0	0	0	0	0	0	0	0	0	0	0	2.693360559	0	0	0	0	0	0	0
Gcm1	0	9.817300097	0	0	0	0	0	0	0	0	0	0	0	0	0	0	0	0	0	0	0	0	0	0	0	0	0	0	0	0	0	0	0	0	0
Gli3	0	0	0	0	0	0	0	0	0	0	4.418619311	0	0	0	0	3.345727173	0	0	0	0	0	0	0	0	0	0	0	0	0	0	0	0	0	0	0
Glis2	0	15.68592201	0	0	0	0	0	0	0	0	2.493494968	0	0	0	0	0	0	0	0	0	0	0	0	0	1.785421046	2.184953824	0	0	0	0	0	0	0	0	0
Gm4881	0	0	0	0	0	0	0	0	0	0	0	0	0	0	0	0	0	0	0	0	0	0	0	0	0	0	0	0	0	0	0	0	0	0	69.47353149
Gm5454	0	0	0	0	0	0	0	0	0	0	0	0	0	0	0	0	0	0	0	0	0	0	0	0	0	0	0	0	0	0	0	0	0	0	87.67080558
Gm98	1.530914701	2.722620025	0	0	0	0	0	0	0	0	0	0	0	0	0	0	0	0	0	0	0	0	0	0	0	0	0	0	0	0	0	0	0	0	0
Gmeb1	0	0	0	0	0	0	0	0	0	0	0	0	0	0	0	0	0	0	0	0	0	0	0	0	0	0	0	0	0	0	0	0	0	0	12.12784373
Gmeb2	0	0	0	0	0	0	0	0	0	0	0	0	0	0	0	0	0	0	0	0	0	0	0	0	0	0	0	0	0	0	0	0	0	0	16.19538358
HAND1	0	0	0	0	0	0	0	0	0	0	0	0	0	0	0	5.621238825	0	0	0	0	0	0	0	0	0	0	0	0	0	0	0	0	0	0	0
HEY1	0	13.04460091	0	0	0	0	0	0	0	0	0	0	0	0	0	0	0	0	0	0	0	0	0	0	0	0	0	0	1.631341288	0	0	0	0	0	18.62874737
HIC2	0	6.796967113	0	0	0	0	0	0	0	0	0	0	0	0	0	0	0	0	0	0	0	0	0	0	0	0	0	0	0	0	0	0	0	0	0
HIF3A	0	11.43285595	0	0	0	0	0	0	0	0	0	0	0	0	0	0	0	0	0	0	0	0	0	0	0	0	0	0	0	0	0	0	0	0	0
HIVEP2	0	2.158890916	0	0	0	0	0	0	0	0	0	0	0	0	0	0	0	0	0	0	0	0	0	0	0	0	0	0	0	0	0	0	0	0	1.890421453
HNF4G	0	0	0	0	0	0	0	0	0	0	0	0	0	0	0	15.50863831	2.525055665	0	0	0	0	0	0	0	0	0	0	8.044697177	0	0	0	0	0	0	0
HOXB1	0	0	0	0	0	0	0	0	0	2.03263926	0	0	0	0	0	0	0	0	0	0	0	0	0	0	0	0	0	0	0	0	0	0	0	0	0
HSF1	0	0	0	0	0	0	0	0	0	0	0	0	0	0	0	0	0	0	0	0	0	0	0	0	0	0	5.021728158	0	0	0	0	0	0	0	24.55424016
Hes1	0	2.466609292	0	0	0	0	0	0	0	0	0	0	0	0	0	0	0	0	0	0	0	0	0	0	0	0	0	0	0	0	0	0	0	0	12.66534523
Hes5	0	0	0	0	0	0	0	0	0	0	0	0	0	0	0	0	0	0	0	0	0	0	0	0	0	0	0	0	0	0	0	0	0	0	7.123666671
Hes7	0	2.446116973	0	0	0	0	0	0	0	0	0	0	0	0	0	0	0	0	0	0	0	0	0	0	0	0	0	0	0	0	0	0	0	0	16.65541126
Hey2	0	0	0	0	0	0	0	0	0	0	0	0	0	0	0	0	0	0	0	0	0	0	0	0	0	0	1.507379278	0	0	0	0	0	0	0	19.34775366
Hoxa4	0	0	0	0	0	0	0	0	0	0	0	0	0	0	0	0	2.075617323	0	0	0	0	0	0	0	0	0	0	0	0	0	0	0	0	0	0
Hoxb4	0	0	0	0	0	0	0	0	0	0	0	0	0	0	0	0	4.306360974	0	0	0	0	0	0	0	0	0	0	0	0	0	0	0	0	0	0
Hoxb5	0	0	0	0	0	0	0	0	0	0	0	0	0	0	0	0	0	0	0	2.53313238	0	0	0	0	0	0	0	0	0	0	0	0	0	0	0
Hoxb8	0	0	0	0	0	0	0	0	0	0	0	0	0	0	0	0	3.548674192	0	0	0	0	0	0	0	0	0	0	0	0	0	0	0	0	0	0
Hoxc4	0	0	0	0	0	0	0	0	0	0	0	0	0	0	0	0	2.84103474	0	0	0	0	0	0	0	0	0	0	0	0	0	0	0	0	0	0
Hoxd3	0	0	0	0	0	0	0	0	0	0	0	0	0	0	0	0	0	0	0	2.049148541	0	0	0	0	0	0	0	0	0	0	0	0	0	0	0
ID4	0	6.868702203	0	0	0	0	0	0	0	1.668572703	1.619969752	0	0	0	0	0	0	0	0	0	0	0	0	1.7490923	0	0	0	4.751291264	0	0	0	0	0	0	0
INSM1	1.965371543	17.76674999	0	0	0	0	0	0	0	0	5.436400271	0	0	0	0	0	0	0	0	0	0	0	0	1.984640245	0	0	0	0	0	0	0	0	0	0	0
IRC900814	0	0	0	0	0	0	0	0	0	0	0	0	0	0	0	0	0	0	0	0	0	0	0	0	0	0	0	0	0	0	0	0	0	0	2.031844063
Id2	0	0	0	0	0	0	0	0	0	0	0	0	0	0	0	0	0	0	0	0	0	0	0	0	0	0	0	0	0	0	0	0	0	0	16.60624936
Irf3	0	0	0	0	0	0	0	0	0	0	0	0	0	0	0	2.426432227	0	0	0	0	0	0	0	0	0	0	0	0	0	0	0	0	0	0	0
Irf4	0	0	0	0	0	0	0	0	0	0	0	0	0	0	0	4.089535684	0	0	0	0	0	0	0	0	0	0	0	0	0	0	0	0	0	0	0
Irf6	0	0	0	0	0	0	0	0	0	0	0	0	0	0	0	0	0	0	0	0	0	0	0	0	0	0	0	0	0	0	0	0	0	0	2.469160221
Irf9	0	0	0	0	0	0	0	0	0	0	0	0	0	0	0	5.22848601	0	0	0	0	0	0	0	0	0	0	0	0	0	0	0	0	0	0	0
Jdp2	0	0	0	0	0	0	0	0	0	0	0	0	0	0	0	0	0	0	0	0	0	0	0	0	0	0	0	0	0	0	0	0	0	0	12.07546228
Jun	0	0	0	0	0	0	0	0	0	0	0	0	0	0	0	0	0	0	0	0	0	0	0	0	0	0	0	0	0	0	0	0	0	0	2.749824052
Junb	0	0	0	0	0	0	0	0	0	2.967381239	0	0	0	0	0	0	0	0	0	0	0	0	0	0	0	0	0	0	0	0	0	0	0	0	0
KDM2B	0	0	0	0	0	0	0	0	0	0	0	0	0	0	0	0	0	0	0	0	0	0	0	0	0	0	0	0	0	0	0	0	0	0	2.221197796
KLF13	0	0	0	0	0	0	0	0	0	0	0	0	0	0	0	0	0	0	0	0	0	0	0	0	0	0	0	0	0	0	0	0	0	0	7.912928794
KLF14	0	13.61870438	2.405276054	0	0	0	0	0	0	0	10.93554201	0	0	0	0	0	0	0	0	0	0	0	0	0	0	0	0	0	0	0	0	0	0	0	3.948847478
KLF15	4.335264031	34.13112055	1.95939766	0	0	0	0	0	0	0	16.68718817	0	0	0	0	0	0	0	1.787013815	0	0	0	0	3.041627268	0	0	0	0	0	0	0	0	0	0	2.706858517
KLF16	0	28.29825937	0	0	0	0	0	0	0	0	14.06233169	0	0	0	0	0	0	0	0	0	0	0	0	0	0	0	0	0	0	0	0	0	0	0	0
KLF3	0	0	0	0	0	0	0	0	0	0	3.177113052	0	0	0	0	5.311758204	0	0	0	0	0	0	0	0	0	0	0	0	0	0	0	0	0	0	0
KLF5	0	14.45111944	2.065299598	0	0	0	0	0	0	0	19.52856159	0	0	0	0	0	0	0	0	0	0	0	0	1.485452247	0	0	0	0	0	0	0	0	0	0	0
KLF6	0	18.08317772	0	0	0	0	0	0	0	0	13.37140674	0	0	0	0	0	0	0	0	0	0	0	0	0	0	0	0	0	1.833273944	0	0	0	0	0	0
Klf1	0	2.825940192	0	0	0	0	0	0	0	0	9.940436582	0	0	0	0	1.588043762	0	0	0	0	0	0	0	2.957030927	0	0	0	0	0	0	0	0	0	0	0
Klf12	0	7.805763251	2.498119506	0	0	0	0	0	0	0	15.33545204	0	0	0	0	0	0	0	0	0	0	0	0	1.316412682	0	0	0	0	0	0	0	0	0	0	3.579879152
Klf2	0	15.40066287	2.467372999	0	0	0	0	0	0	0	16.43004118	0	0	0	0	0	0	0	0	0	0	0	0	1.979224512	0	0	0	0	0	0	0	0	0	0	0
Klf4	0	16.39318885	2.934793872	0	0	0	0	0	0	0	17.48372912	0	0	0	0	0	0	0	0	0	0	0	0	0	0	0	0	0	0	0	0	0	0	0	0
Klf7	0	13.1519341	1.569280112	0	0	0	0	0	0	0	17.92591531	0	0	0	0	0	0	0	0	0	0	0	0	0	0	0	0	0	0	0	0	0	0	0	3.304518324
Klf8	0	11.27425167	1.731656086	0	0	0	0	0	0	0	16.7780644	0	0	0	0	0	0	0	0	0	0	0	0	1.553462833	0	0	0	0	0	0	0	0	0	0	0
Klf9	0	0	0	0	0	0	0	0	0	0	0	0	0	0	0	0	0	0	0	0	0	0	0	0	0	0	2.094743951	0	0	0	0	0	0	0	6.537302592
LIN54	0	0	0	0	0	0	0	0	0	0	0	0	0	0	0	0	0	0	0	0	0	0	0	0	0	0	5.489589052	0	0	0	0	0	0	0	0
Lhx6	0	0	0	0	0	0	0	0	0	0	0	0	0	0	0	0	0	0	0	0	0	0	0	0	0	0	6.559878397	0	0	0	0	0	0	0	0
Lhx8	0	0	0	0	0	0	0	0	0	0	0	0	0	0	0	0	0	0	0	0	0	0	0	0	0	0	2.900319359	0	0	0	0	0	0	0	0
MAF	0	0	0	0	0	0	0	0	0	0	0	0	0	0	0	2.626904013	0	0	0	0	0	0	0	0	0	0	0	0	0	0	0	0	0	0	0
MAFA	0	16.1893643	0	0	0	0	0	0	0	0	0	0	0	0	0	0	0	0	0	0	0	0	0	0	0	0	0	0	0	0	0	0	0	0	0
MAZ	0	23.73873713	2.534022632	0	0	0	0	0	0	0	19.95116991	0	0	0	0	3.845880474	0	0	0	0	0	0	0	1.49241396	0	0	0	0	0	0	0	0	0	0	0
MBD2	0	7.901356274	1.685290307	0	0	0	0	0	0	0	0	0	0	0	0	0	0	0	0	0	0	0	0	0	0	0	0	0	2.602581458	0	0	0	0	0	17.88873749
MBTPS2	0	0	0	0	0	0	0	0	0	0	0	0	0	0	0	0	0	0	0	0	0	0	0	0	0	0	0	0	0	0	0	0	0	0	18.64454848
MEF2B	0	0	0	0	0	0	0	0	0	0	0	0	0	0	0	0	0	0	0	0	0	4.046240308	0	0	0	0	0	0	0	0	0	0	0	5.294992041	0
MEF2D	0	0	0	0	0	0	0	0	0	0	0	0	0	0	0	0	0	0	0	0	0	2.468393368	0	0	0	0	0	0	0	0	0	0	0	3.053253065	0
MESP2	0	5.227091805	0	0	0	0	0	0	0	2.176265012	0	0	0	0	0	0	0	0	0	0	0	0	0	0	0	0	0	3.297052754	0	0	0	0	0	0	0
MLXIPL	0	2.374173287	1.48945499	0	0	0	0	0	0	0	0	0	0	0	0	0	0	0	0	0	0	0	0	0	0	0	0	0	0	0	0	0	0	0	2.787546039
MYT1L	0	0	0	0	0	0	0	0	0	0	2.752517739	0	0	0	0	1.385735713	0	0	0	0	0	0	0	0	0	2.081131257	0	0	0	0	0	0	0	0	0
Max	0	0	0	0	0	0	0	0	0	0	0	0	0	0	0	0	0	0	0	0	0	0	0	0	0	0	0	0	0	0	0	0	0	0	13.28600573
Mbd1	0	6.892111975	0	0	0	0	0	0	0	0	0	0	0	0	0	0	0	0	0	0	0	0	0	0	0	0	1.513569521	0	2.336864685	0	0	0	0	0	2.553307534
Meis1	0	0	0	0	0	0	0	0	0	2.926648298	0	0	0	0	0	1.366228654	0	0	0	0	0	0	0	0	0	0	0	0	0	0	0	0	0	2.535957795	0
Mitf	0	0	0	0	0	0	0	0	0	0	0	0	0	0	0	0	0	0	0	0	0	0	0	0	0	0	0	0	0	0	0	0	0	0	9.070223567
Mlx	0	0	0	0	0	0	0	0	0	0	0	0	0	0	0	0	0	0	0	0	0	0	0	0	0	0	0	0	0	0	0	0	0	0	16.41544264
Mlxip	0	0	0	0	0	0	0	0	0	0	0	0	0	0	0	0	0	0	0	0	0	0	0	0	0	0	0	0	0	0	0	0	0	0	16.60624936
Mnt	0	0	0	0	0	0	0	0	0	0	0	0	0	0	0	0	0	0	0	0	0	0	0	0	0	0	0	0	0	0	0	0	0	0	7.114751892
Mtf1	0	0	0	0	0	0	0	0	0	0	0	0	0	0	0	0	0	0	0	0	0	0	0	0	0	0	0	0	0	0	0	0	0	0	3.543330371
Mybl1	0	0	0	0	0	0	0	0	0	0	0	0	0	0	0	0	0	0	0	0	0	0	0	0	0	0	0	0	0	0	0	0	0	0	4.223080997
Mybl2	0	0	0	0	0	0	0	0	0	0	0	0	0	0	0	0	0	0	0	0	0	0	0	0	0	0	0	0	0	0	0	0	0	0	5.640354207
Mycn	0	0	0	0	0	0	0	0	0	0	0	0	0	0	0	0	0	0	0	0	0	0	0	0	0	0	0	0	0	0	0	0	0	0	5.968187729
Myf6	0	0	0	0	0	0	0	0	0	0	0	0	0	0	0	4.141583122	0	0	0	0	0	0	0	0	0	0	0	0	0	0	0	0	0	0	0
Myod1	0	11.43651891	0	0	0	0	2.663140179	0	0	0	4.701146924	0	0	0	0	0	0	0	0	0	0	0	0	0	0	0	0	0	0	0	0	0	0	2.350762528	0
Myog	0	9.813326133	0	0	0	0	3.191046701	0	0	0	4.845576027	0	0	0	0	0	0	0	0	0	0	0	0	2.406935568	0	0	0	0	0	0	0	0	0	0	0
Mypop	0	3.832682665	0	0	0	0	0	0	0	0	0	0	0	0	0	0	0	0	0	0	0	0	0	0	0	0	0	0	0	0	0	0	0	0	2.500587874
Mzf1	0	4.389872387	0	0	0	0	0	0	0	0	0	0	0	0	0	0	0	0	0	0	0	0	0	0	0	0	0	0	0	0	0	0	0	0	0
NAIF1	0	0	0	0	0	0	0	0	0	0	0	0	0	0	0	0	0	0	0	0	0	0	0	0	0	0	0	0	0	0	0	0	0	0	12.19348087
NEUROD1	0	3.887394998	0	0	0	0	0	0	0	0	1.985479461	0	0	0	0	0	0	0	0	0	0	0	0	5.970616222	0	0	0	0	0	0	0	0	0	0	0
NFIA	0	0	0	0	0	0	0	0	0	0	1.504455662	0	0	0	0	6.015337694	0	0	0	0	0	0	0	0	0	0	0	0	0	0	0	0	0	0	0
NFIB	0	0	0	0	0	0	0	0	0	0	0	0	0	0	0	7.136974704	0	0	0	0	0	0	0	0	0	0	0	0	0	0	0	0	0	0	0
NFIX	0	0	0	0	0	0	0	0	0	0	2.542875374	0	0	0	0	3.779107751	0	0	0	0	0	0	0	0	0	0	0	0	0	0	0	0	0	0	0
NFKB1	0	0	0	0	0	0	0	0	0	0	4.072219151	0	0	0	0	5.762707662	0	0	0	0	0	0	0	0	0	0	0	0	0	0	0	0	0	0	0
NFYA	0	0	0	0	0	0	0	0	0	0	0	0	0	0	0	0	0	0	0	0	0	0	0	0	0	0	9.395342028	0	0	0	0	0	0	0	0
NHLH1	2.648396928	27.51004152	0	0	0	0	0	0	0	0	9.816730156	0	0	0	0	0	0	0	2.082074578	0	0	0	0	1.855425792	0	0	0	0	0	0	0	0	0	0	0
NR1H2	0	0	0	0	0	0	0	0	0	0	0	0	0	0	0	3.903089987	0	0	0	0	0	0	0	0	0	0	0	0	0	0	0	0	0	0	0
NR1H4	0	0	0	0	0	0	0	0	0	0	0	0	0	0	0	2.505149978	0	0	0	0	0	0	0	0	0	0	0	3.500725418	0	0	0	0	0	0	0
NR1I2	0	0	0	0	0	0	0	0	0	0	0	0	0	0	0	2.857297754	1.924453039	0	0	0	0	0	0	0	0	0	0	0	0	0	0	0	0	0	0
NR1I3	0	0	0	0	0	0	0	0	0	0	0	0	0	0	0	5.402085529	0	0	0	0	0	0	0	0	0	0	0	0	0	0	1.604324215	0	0	0	0
NR2C2	0	0	0	0	0	0	0	0	0	0	0	0	0	0	0	0	0	0	0	0	0	0	0	0	0	0	0	0	0	0	0	0	0	0	37.08196966
NR4A3	0	0	0	0	0	0	0	0	0	0	0	0	0	0	0	11.08481129	2.601712695	0	0	0	0	0	0	0	0	0	0	0	0	0	0	0	0	2.306888885	0
NR5A1	0	0	0	0	0	0	0	0	0	0	0	0	0	0	0	2.204537106	0	0	0	0	0	0	0	0	0	0	0	0	0	0	0	0	0	0	0
NRL	0	0	0	0	0	0	0	0	0	0	0	0	0	0	0	3.27580608	0	0	0	0	0	0	0	0	0	0	0	0	0	0	0	0	0	0	0
Nfe2l2	0	0	0	0	0	0	0	0	0	4.840132153	0	0	0	0	0	6.537003388	0	0	0	0	0	0	0	0	0	0	0	0	0	0	0	0	0	0	0
Nhlh2	0	3.505149978	0	0	0	0	0	0	0	0	1.833569886	0	0	0	0	0	0	0	0	0	0	0	0	0	0	0	0	0	0	0	0	0	0	0	0
Nkx2-5	0	0	0	0	0	0	0	0	0	0	0	0	0	0	0	4.748848657	0	0	0	0	0	0	0	0	0	0	0	0	0	0	0	0	0	0	0
Nkx6-1	0	0	0	0	0	0	0	0	0	0	0	0	0	0	0	0	2.265360161	0	0	0	0	0	0	0	0	0	0	0	0	0	0	0	0	0	0
Npas2	0	0	0	0	0	0	0	0	0	0	0	0	0	0	0	0	0	0	0	0	0	0	0	0	0	0	0	0	0	0	0	0	0	0	5.313363731
Nr2c1	0	0	0	0	0	0	0	0	0	0	0	0	0	0	0	3.886390849	2.370488466	0	0	0	0	0	0	0	0	0	0	0	0	0	0	0	0	0	0
Nr2e1	0	0	0	0	0	0	0	0	0	0	0	0	0	0	0	2.208800754	3.077949598	0	0	0	0	0	0	0	0	0	0	0	0	0	0	0	0	0	0
Nr2f1	0	0	0	0	0	0	0	0	0	0	0	0	0	0	0	2.443938841	1.609594844	0	0	0	0	0	0	0	0	0	0	0	0	0	0	0	0	0	0
Nr2f2	0	0	0	0	0	0	0	0	0	0	0	0	0	0	0	3.380697924	3.039671949	0	0	0	0	0	0	0	0	0	0	0	0	0	0	0	0	0	0
Nr2f6	0	0	0	0	0	0	0	0	0	0	0	0	0	0	0	3.791827473	2.952335805	0	0	0	0	0	0	0	0	0	0	0	0	0	0	0	0	0	0
Nr3c1	0	0	0	0	0	0	0	0	0	0	0	0	0	0	0	2.455931956	0	0	0	0	0	0	0	0	0	0	0	0	0	0	0	0	0	0	0
Nr4a2	0	0	0	0	0	0	0	0	0	0	0	0	0	0	0	3.337053386	1.486382926	0	0	0	0	0	0	0	0	0	0	0	0	0	0	0	0	0	0
OVOL2	0	0	0	0	0	0	0	0	0	0	0	0	0	0	0	0	0	0	0	0	0	0	0	0	0	0	2.094743951	0	0	0	0	0	0	0	6.537302592
PAX1	0	0	0	0	0	0	0	0	0	0	0	0	0	0	0	0	0	0	0	0	0	0	0	0	0	0	0	0	0	0	0	0	0	0	11.63227145
PAX5	0	4.645123577	0	0	0	0	0	0	0	0	2.526367073	0	0	0	0	0	0	0	0	0	0	0	0	0	0	0	0	0	0	0	0	0	0	0	10.14654516
PAX9	0	0	0	0	0	0	0	0	0	0	0	0	0	0	0	0	0	0	0	0	0	0	0	0	0	0	0	0	0	0	0	0	0	0	7.755970411
PBX3	0	0	0	0	0	0	0	0	0	0	0	0	0	0	0	0	0	0	0	0	0	0	0	0	0	0	6.844967771	0	0	0	0	0	0	0	0
PGR	0	0	0	0	0	0	0	0	0	0	0	0	0	0	0	5.445389715	1.736837535	0	0	0	0	0	0	0	0	0	0	0	0	0	0	0	0	0	0
PLAG1	0	18.23262148	2.52651303	0	0	0	0	0	0	0	18.22701855	0	0	0	0	0	0	0	0	0	0	0	0	0	0	0	0	0	0	0	0	0	0	0	0
POU6F2	0	0	0	0	0	0	0	0	0	0	0	0	0	0	0	0	3.386686839	0	0	2.932185489	0	0	0	0	0	0	0	0	0	0	0	0	0	0	0
PPARA	0	0	0	0	0	0	0	0	0	0	0	0	0	0	0	3.472241247	0	0	0	0	0	0	0	0	0	0	0	0	0	0	0	0	0	0	0
PPARD	0	0	0	0	0	0	0	0	0	0	0	0	0	0	0	6.129771721	0	0	0	0	0	0	0	0	0	0	0	1.336959025	0	0	0	0	0	0	0
PPARG	0	0	0	0	0	0	0	0	0	0	0	0	0	0	0	6.818728228	0	0	0	0	0	0	0	0	0	0	0	0	0	0	0	0	0	0	0
PRDM1	0	0	0	0	0	0	0	0	0	0	0	0	0	0	0	2.890084137	0	0	0	0	0	0	0	0	0	0	0	0	0	0	0	0	0	0	0
Pax2	0	0	0	0	0	0	0	0	0	0	0	0	0	0	0	0	0	0	0	0	0	0	0	0	0	0	0	0	0	0	0	0	0	0	4.476383581
Plagl1	0	18.53106219	4.105130343	0	0	0	0	0	0	0	13.62051319	0	0	0	0	0	0	0	0	0	0	0	0	0	0	2.247490599	0	0	0	0	0	0	0	0	0
Prdm11	0	0	0	0	0	0	0	0	0	0	0	0	0	0	0	0	0	0	0	0	0	0	0	0	0	0	0	0	0	0	0	0	0	0	13.58686795
REL	0	0	0	0	0	0	0	0	0	0	2.551602897	0	0	0	0	4.62178385	0	0	0	0	0	0	0	0	0	0	0	0	0	0	0	0	0	0	0
RELB	0	0	0	0	0	0	0	0	0	0	3.531800414	0	0	0	0	5.750557039	0	0	0	0	0	0	0	0	0	0	0	0	0	0	0	0	0	0	0
REST	0	10.97387548	0	0	0	0	0	0	0	0	0	0	0	0	0	0	0	0	0	0	0	0	0	0	0	0	0	0	0	0	0	0	0	0	0
RFX5	0	0	0	0	0	0	0	7.584192272	0	0	0	0	0	0	0	0	0	0	0	0	0	0	0	0	0	0	0	0	0	0	0	0	0	0	0
RREB1	0	12.34237057	0	0	0	0	0	0	0	0	2.543937776	0	0	0	0	0	0	0	0	0	0	0	0	0	0	2.01188716	0	0	0	0	0	0	0	0	0
RUNX2	0	0	0	0	0	0	0	0	0	0	0	0	0	0	0	5.768275617	0	0	0	0	0	0	0	0	0	0	0	0	0	0	1.458046526	0	0	0	0
Rara	0	0	0	0	0	0	0	0	0	0	0	0	0	0	0	3.954677021	1.80106813	0	0	0	0	0	0	0	0	0	0	0	0	0	0	0	0	0	0
Rarb	0	0	0	0	0	0	0	0	0	0	0	0	0	0	0	3.491739694	2.584859648	0	0	0	0	0	0	0	0	0	0	0	0	0	0	0	0	0	0
Rarg	0	0	0	0	0	0	0	0	0	0	0	0	0	0	0	2.930701988	0	0	0	0	0	0	0	0	0	0	0	0	0	0	0	0	0	0	0
Rela	0	0	0	0	0	0	0	0	0	0	0	0	0	0	0	5.325322532	0	0	0	0	0	0	0	0	0	0	0	0	0	0	0	0	0	0	0
Rfx1	0	0	0	0	0	0	0	15.57888987	0	0	0	0	0	0	0	0	0	0	0	0	0	0	0	0	0	0	0	0	0	0	0	0	0	0	0
Rfx2	0	0	0	0	0	0	0	13.31767438	0	0	0	0	0	0	0	0	0	0	0	0	0	0	0	0	0	0	0	0	0	0	0	0	0	0	0
Rfx3	0	0	0	0	0	0	0	14.04939178	0	0	0	0	0	0	0	0	0	0	0	0	0	0	0	0	0	0	0	0	0	0	0	0	0	0	0
Rfx4	0	0	0	0	0	0	0	13.51927462	0	0	0	0	0	0	0	0	0	0	0	0	0	0	0	0	0	0	0	0	0	0	0	0	0	0	0
Rfx7	0	0	0	0	0	0	0	11.17796275	0	0	0	0	0	0	0	0	0	0	0	0	0	0	0	0	0	0	0	0	0	0	0	0	0	0	0
Rfx8	0	0	0	0	0	0	0	11.82275216	0	0	0	0	0	0	0	0	0	0	0	0	0	0	0	0	0	0	0	0	0	0	0	0	0	0	0
Rora	0	0	0	0	0	0	0	0	0	0	0	0	0	0	0	2.988852639	0	0	0	0	0	0	0	0	0	0	0	0	0	0	0	0	0	0	0
Runx1	0	0	0	0	0	0	0	0	0	0	0	0	0	0	0	6.754734161	0	0	0	0	0	0	0	0	0	0	0	0	0	0	2.191451449	0	0	0	0
Rxra	0	0	0	0	0	0	0	0	0	0	0	0	0	0	0	16.18071935	3.403073186	0	0	0	0	0	0	0	0	0	0	2.010950844	0	0	0	0	0	0	0
Rxrb	0	0	0	0	0	0	0	0	0	0	0	0	0	0	0	0	2.587035728	0	0	0	0	0	0	0	0	0	0	0	0	0	0	0	0	0	0
SIM1	0	0	0	0	0	0	0	0	0	0	0	0	0	0	0	0	0	0	0	0	0	0	0	0	0	0	0	0	0	0	0	0	0	0	5.770062314
SMAD1	0	0	0	0	0	0	0	0	0	0	2.575608446	0	0	0	0	7.085022528	0	0	0	0	0	0	0	0	0	0	0	0	0	0	0	0	0	0	0
SMAD2	0	5.410385459	0	0	0	0	0	0	0	1.685079944	0	0	0	0	0	0	0	0	0	0	0	0	0	3.179207619	0	0	0	0	0	0	0	0	0	0	0
SMAD4	0	0	0	0	0	0	0	0	0	0	0	0	0	0	0	4.846185136	0	0	0	0	0	0	0	0	0	0	0	0	0	0	0	0	0	0	0
SMARCC1	0	0	0	0	0	0	0	0	0	6.256803919	0	0	0	0	0	8.90517962	0	0	0	0	0	0	0	0	0	0	0	0	0	0	0	0	0	0	0
SMARCC2	0	0	0	0	0	0	0	0	0	0	0	0	0	0	0	0	0	0	0	0	0	0	0	0	0	0	2.26520017	0	0	0	0	0	0	0	9.441051554
SNAI2	0	3.281996832	0	0	0	0	0	0	0	0	2.03277974	0	0	0	0	0	0	0	0	0	0	0	0	0	0	0	0	0	0	0	1.844663963	0	0	0	0
SP2	0	22.10646016	2.430860275	0	0	0	0	0	0	0	18.42170469	0	0	0	0	0	0	0	0	0	0	0	0	0	0	0	0	0	0	0	0	0	0	0	0
SP3	0	25.87224748	0	0	0	0	0	0	0	0	21.60153915	0	0	0	0	0	0	0	0	0	0	0	0	0	0	0	0	0	0	0	0	0	0	0	0
SP5	0	12.0309104	0	0	0	0	0	0	0	0	11.68047755	0	0	0	0	0	0	0	0	0	0	0	0	0	0	0	0	0	0	0	0	0	0	0	1.713319031
SP8	0	22.21119551	1.328456915	0	0	0	0	0	0	0	15.23410802	0	0	0	0	0	0	0	0	0	0	0	0	0	0	0	0	0	0	0	0	0	0	0	0
SPIB	0	0	0	0	0	0	0	0	0	0	0	0	0	0	0	7.232918379	0	0	0	0	0	0	0	0	0	0	0	0	0	0	0	0	0	0	0
STAT2	0	0	0	0	0	0	0	0	0	0	0	0	0	0	0	4.130826973	0	0	0	0	0	0	0	0	0	0	0	0	0	0	0	0	0	0	0
Sfpi1	0	0	0	0	0	0	0	0	0	0	0	0	0	0	0	4.110530216	0	0	0	0	0	0	0	0	0	0	0	0	0	0	0	0	0	0	0
Six4	0	0	0	0	0	0	0	0	0	0	0	0	0	0	0	3.238824187	0	0	0	0	0	0	0	0	0	0	0	0	0	0	0	0	0	0	0
Sohlh2	1.974694135	7.929223537	0	0	0	0	0	0	0	0	0	0	0	0	0	0	0	0	0	0	0	0	0	0	0	0	0	0	0	0	0	0	0	0	11.69940452
Sp1	0	14.05119595	0	0	0	0	0	0	0	0	11.46230681	0	0	0	0	0	0	0	0	0	0	0	0	0	0	0	0	0	0	0	0	0	0	0	1.883392256
Sp100	0	0	0	0	0	0	0	0	0	0	0	0	0	0	0	0	0	0	0	0	0	0	0	0	0	0	0	0	0	0	0	0	0	0	7.728158393
Sp110	0	7.980053318	0	0	0	0	0	0	0	0	1.417255034	0	0	0	0	1.512296137	0	0	0	0	0	0	0	0	0	0	0	0	0	0	0	0	0	0	0
Sp4	0	9.354774288	0	0	0	0	0	0	0	0	8.086080235	0	0	0	0	0	0	0	0	0	0	0	0	0	0	0	0	0	0	0	0	0	0	0	5.551757587
Spdef	0	0	0	0	0	0	0	0	0	0	0	0	0	0	0	0	0	0	0	0	0	0	0	0	0	0	0	0	0	0	0	0	0	0	46.45942028
Spic	0	0	0	0	0	0	0	0	0	0	0	0	0	0	0	1.575118363	0	0	0	0	0	0	0	0	0	0	0	0	0	0	0	0	0	0	5.949620244
Srebf1	0	0	0	0	0	0	0	0	0	0	0	0	0	0	0	0	0	0	0	0	0	0	0	0	0	0	0	0	0	0	0	0	0	0	6.765482716
Srebf2	0	0	0	0	0	0	0	0	0	0	0	0	0	0	0	0	0	0	0	0	0	0	0	0	0	0	0	0	0	0	0	0	0	0	10.44273347
Stat4	0	0	0	0	0	0	0	0	0	0	0	0	0	0	0	0	0	0	0	0	0	0	0	0	0	0	0	2.803823815	0	0	0	0	0	0	0
T	0	0	0	0	0	0	0	0	0	0	0	0	0	0	0	2.648396928	0	0	0	0	0	0	0	0	0	0	0	0	0	0	0	0	0	0	0
TCFAP2D	0	7.162727298	2.03654274	0	0	0	0	0	0	0	4.119072135	0	0	0	0	0	0	0	0	0	0	0	0	0	0	0	0	0	1.406049705	0	0	0	0	0	14.58854866
TFDP1	0	0	0	0	0	0	0	0	0	0	0	0	0	0	0	0	0	0	0	0	0	0	0	0	0	0	7.291749111	0	0	0	0	0	0	0	4.712646227
THRA	0	0	0	0	0	0	0	0	0	0	0	0	0	0	0	6.172566105	0	0	0	0	0	0	0	0	0	0	0	0	0	0	0	0	0	0	0
TRP63	0	0	0	0	0	0	0	0	0	0	0	0	0	0	0	3.836540448	0	0	0	0	0	0	0	0	0	0	0	0	0	0	0	0	0	0	0
TWIST1	0	0	0	0	0	0	0	0	0	0	7.075720714	0	0	0	0	2.504594437	0	0	0	1.573976984	0	0	0	0	0	0	0	0	0	0	0	0	0	0	0
Tbx4	0	0	0	0	0	0	0	0	0	3.415442639	0	0	0	0	0	3.441651491	0	0	0	0	0	0	0	0	0	0	0	0	0	0	0	0	0	0	0
Tbx5	0	0	0	0	0	0	0	0	0	0	0	0	0	0	0	2.276216063	0	0	0	0	0	0	0	0	0	0	0	0	0	0	0	0	0	0	0
Tcf12	0	4.996970529	0	0	0	0	2.393941251	0	0	0	3.304255725	0	0	0	0	1.871277716	0	0	1.450138812	0	0	0	0	0	0	0	0	1.980053318	0	0	0	0	0	0	0
Tcf3	0	14.40110011	0	0	0	0	0	0	0	0	5.353106376	0	0	0	0	2.071757817	0	0	0	0	0	0	0	2.524474085	0	0	0	0	0	0	0	0	0	0	0
Tcf4	0	1.683191248	0	0	0	0	0	0	0	1.666552726	6.164499672	0	0	0	0	3.047110735	0	0	0	0	0	0	0	0	0	0	0	5.544698228	0	0	2.849857838	0	0	0	0
Tcfap2a	0	18.83654045	7.289628736	0	0	0	0	0	0	0	10.0345631	0	0	0	0	0	0	0	2.202178689	0	0	0	0	0	0	0	0	0	2.360613131	0	0	0	0	0	0
Tcfap2b	0	5.740884156	2.21417208	0	0	0	0	0	0	0	3.544698228	0	0	0	0	0	0	0	0	0	0	0	0	0	0	0	0	0	1.511167366	0	0	0	0	0	4.325690111
Tcfap2c	0	15.79048499	4.513853003	0	0	0	0	0	0	0	11.49566509	0	0	0	0	0	0	0	0	0	0	0	0	0	0	0	0	0	1.844056982	0	0	0	0	0	2.279675283
Tcfap2e	1.974694135	10.13643924	4.006299305	0	0	0	0	0	0	0	7.386052523	0	0	0	0	0	0	0	0	0	0	0	0	0	0	0	0	0	0	0	0	0	0	0	2.621238825
Tcfap4	0	0	0	0	0	0	0	0	0	1.928117993	0	0	0	0	0	0	0	0	0	0	0	2.624885315	0	0	0	0	0	0	0	0	0	0	0	0	0
Tcfcp2l1	0	6.221993539	1.917573699	0	0	0	0	0	0	0	9.757210191	0	0	0	0	2.517698233	0	0	0	0	0	0	0	0	0	2.422048872	0	0	0	0	0	0	0	0	0
Tcfe3	0	0	0	0	0	0	0	0	0	0	0	0	0	0	0	0	0	0	0	0	0	0	0	0	0	0	0	0	0	0	0	0	0	0	9.401428337
Tcfeb	0	0	0	0	0	0	0	0	0	0	0	0	0	0	0	0	0	0	0	0	0	0	0	0	0	0	0	0	0	0	0	0	0	0	14.12895274
Tcfec	0	0	0	0	0	0	0	0	0	0	0	0	0	0	0	0	0	0	0	0	0	0	0	0	0	0	0	0	0	0	0	0	0	0	18.10385975
Tcfl5	0	3.372634143	0	0	0	0	0	0	0	0	0	0	0	0	0	0	0	0	0	0	0	0	0	0	0	0	0	0	2.906228219	0	0	0	0	0	10.49025998
Usf1	0	0	0	0	0	0	0	0	0	0	0	0	0	0	0	0	0	0	0	0	0	0	0	0	0	0	0	0	0	0	0	0	0	0	10.37778598
Usf2	0	0	0	0	0	0	0	0	0	0	0	0	0	0	0	0	0	0	0	0	0	0	0	0	0	0	0	0	0	0	0	0	0	0	15.86012091
WT1	0	23.21445663	0	0	0	0	0	0	0	0	15.33639329	0	0	0	0	0	0	0	0	0	0	0	0	0	0	0	0	0	0	0	0	0	0	0	0
Xbp1	0	0	0	0	0	0	0	0	0	0	0	0	0	0	0	0	0	0	0	0	0	0	0	0	0	0	0	0	0	0	0	0	0	0	18.80799041
YY1	0	0	0	0	0	0	0	0	0	0	0	0	0	0	0	0	0	0	0	0	0	0	0	0	0	0	0	0	0	0	0	0	0	0	33.12673754
ZBTB4	1.712646227	9.242072817	0	0	0	0	0	0	0	0	0	0	0	0	0	0	0	0	0	0	0	0	0	0	0	0	0	0	0	0	0	0	0	0	0
ZBTB49	0	0	0	0	0	0	0	0	0	0	0	0	0	0	0	0	0	0	0	0	0	0	0	0	0	0	0	0	0	0	0	0	0	0	8.361410917
ZBTB6	0	5.66514431	0	0	0	0	0	0	0	0	0	0	0	0	0	0	0	0	0	0	0	0	0	0	0	0	0	0	0	0	0	0	0	0	0
ZBTB7A	0	22.98842956	0	0	0	0	0	0	0	0	16.61708286	0	0	0	0	0	0	0	0	0	0	0	0	0	0	0	0	0	0	0	0	0	0	0	0
ZBTB7C	0	11.36532125	0	0	0	0	0	0	0	0	0	0	0	0	0	0	0	0	0	0	0	0	0	0	0	0	0	0	0	0	0	0	0	0	5.680685696
ZEB1	0	0	0	0	0	0	0	0	0	3.97798426	5.93330145	0	0	0	0	1.732124581	0	0	0	2.461551948	0	0	0	0	0	0	0	2.124475736	0	0	0	0	0	0	0
ZFP148	0	26.5442418	0	0	0	0	0	0	0	0	23.45026127	0	0	0	0	2.093718844	0	0	0	0	0	0	0	0	0	0	0	0	0	0	0	0	0	0	0
ZFP219	0	19.15570926	1.686343653	0	0	0	0	0	0	0	14.42101716	0	0	0	0	0	0	0	0	0	0	0	0	0	0	0	0	0	0	0	0	0	0	0	0
ZFP524	0	12.89008414	0	0	0	0	0	0	0	0	1.340273905	0	0	0	0	0	0	0	0	0	0	0	0	0	0	0	0	0	0	0	0	0	0	0	0
ZIC4	3.598427154	22.41736856	5.628747371	0	0	0	0	0	0	0	2.964970718	0	0	0	0	0	0	0	0	0	0	0	0	3.250882338	0	0	0	0	1.431915669	0	0	0	0	0	0
ZKSCAN4	0	0	0	0	0	0	0	0	0	0	0	0	0	0	0	0	0	0	0	0	0	0	0	0	0	0	0	0	0	0	0	0	0	0	4.275560277
Zbtb1	0	18.24283181	0	0	0	0	0	0	0	0	0	0	0	0	0	0	0	0	0	0	0	0	0	0	0	0	0	0	1.562566556	0	0	0	0	0	5.917573699
Zbtb3	0	7.097670694	0	0	0	0	0	0	0	0	0	0	0	0	0	0	0	0	0	0	0	0	0	0	0	0	0	0	0	0	0	0	0	0	0
Zbtb7b	4.038104526	28.93892468	0	0	0	0	0	0	0	0	7.873868593	0	0	0	0	0	0	0	0	0	0	0	0	0	0	2.238673678	0	0	0	0	0	0	0	0	0
Zfp128	0	0	0	0	0	0	0	0	0	0	0	0	0	0	0	0	0	0	0	0	0	0	0	0	0	0	0	0	0	0	0	0	0	0	10.76827562
Zfp161	0	13.71647264	1.55315229	0	0	0	0	0	0	0	0	0	0	0	0	0	0	0	0	0	0	0	0	0	0	0	0	0	2.925549281	0	0	0	0	0	7.479778564
Zfp202	3.360912129	22.53150498	0	0	0	0	0	0	0	0	7.11266407	0	0	0	0	0	0	0	0	0	0	0	0	0	0	1.985479461	0	0	0	0	0	0	0	0	0
Zfp263	1.31202538	8.340178842	0	0	0	0	0	0	0	0	0	0	0	0	0	0	0	0	0	0	0	0	0	0	0	0	0	0	0	0	0	0	0	0	2.544850479
Zfp281	0	26.95900231	0	0	0	0	0	0	0	0	17.29268537	0	0	0	0	2.37716452	0	0	0	0	0	0	0	0	0	0	0	0	0	0	0	0	0	0	0
Zfp3	5.431329022	5.067171233	0	0	0	0	0	0	0	0	0	0	0	0	0	0	0	0	0	0	0	0	0	0	0	0	0	0	0	0	0	0	0	0	0
Zfp740	3.516698048	19.69357497	0	0	0	0	0	0	0	0	11.28166442	0	0	0	0	0	0	0	2.383209514	0	0	0	0	0	0	4.310069896	0	0	0	0	0	0	0	0	0
Zfx	0	8.7490923	3.125982296	0	0	0	0	0	0	0	6.0258569	0	0	0	0	0	0	0	0	0	0	0	0	0	0	0	0	0	0	0	0	0	0	0	10.79182747
Zic1	2.149537567	22.32569011	4.357041121	0	0	0	0	0	0	0	6.128952739	0	0	0	0	0	0	0	0	0	0	0	0	0	0	0	0	0	1.945004138	0	0	0	0	0	2.205511953
Zic2	1.71354353	21.66635124	5.863596552	0	0	0	0	0	0	0	10.74232143	0	0	0	0	0	0	0	0	0	0	0	0	0	0	2.524910197	0	0	1.911863911	0	0	0	0	0	2.322575562
Zic3	2.084125497	28.20017717	2.657972312	0	0	0	0	0	0	0	10.5926091	0	0	0	0	0	0	0	0	0	0	0	0	0	0	0	0	0	0	0	0	0	0	0	4.924088239
Zic5	0	31.03838909	0	0	0	0	0	0	0	0	8.625801742	0	0	0	0	0	0	0	0	0	0	0	0	0	0	0	0	0	0	0	0	0	0	0	0
